Name,Address,Category,Rating,Reviews,Phone,Website,Google Maps URL
BayWa r.e. Solar Systems Corporation,"27/F Tower 2, The Enterprise Center, Ayala Ave, cor Paseo de Roxas, Makati City, 1226 Metro Manila",Solar energy company,,,0919 073 1108,https://solar-distribution.baywa-re.asia/,https://www.google.com/maps/place/BayWa+r.e.+Solar+Systems+Corporation/data=!4m7!3m6!1s0x3397c9f70024f24f:0xbd8bd229ee6bfba7!8m2!3d14.5557631!4d121.0208774!16s%2Fg%2F11fpqpyt96!19sChIJT_IkAPfJlzMRp_tr7inSi70?authuser=0&hl=en&rclk=1
Brightsun Solar Corporation,"Level 10-01, 3rd Avenue and, 31st Street, Taguig, 1632 Metro Manila",Solar energy company,3.7,3,0905 525 8012,https://www.brightsunsolar.com.ph/,https://www.google.com/maps/place/Brightsun+Solar+Corporation/data=!4m7!3m6!1s0x3397c916256aa195:0xb6a314f573a53df6!8m2!3d14.5540777!4d121.046918!16s%2Fg%2F11x0mxsj9p!19sChIJlaFqJRbJlzMR9j2lc_UUo7Y?authuser=0&hl=en&rclk=1
CEnAG Solar (Main Office),"2570 Rubi, corner Zobel Roxas St, San Andres Bukid, Manila, 1017 Metro Manila",Solar energy company,5.0,,(02) 8532 8858,,https://www.google.com/maps/place/CEnAG+Solar+%28Main+Office%29/data=!4m7!3m6!1s0x3397c908c86aaaab:0x419f82b253b837ee!8m2!3d14.5690379!4d121.0055463!16s%2Fg%2F1hhghvkvn!19sChIJq6pqyAjJlzMR7je4U7KCn0E?authuser=0&hl=en&rclk=1
Go Gridless Philippines Corp.,"ITC, 337 Sen. Gil J. Puyat Ave, Makati City, Metro Manila",Solar energy company,5.0,,(02) 8567 9146,http://gogridless.com.ph/,https://www.google.com/maps/place/Go+Gridless+Philippines+Corp./data=!4m7!3m6!1s0x3397c9076644d9fd:0x969a8b032090e7d6!8m2!3d14.5624584!4d121.0231384!16s%2Fg%2F11t4d_q8gz!19sChIJ_dlEZgfJlzMR1ueQIAOLmpY?authuser=0&hl=en&rclk=1
JD-Foz Solar Products Trading,"1645 Soler Street, Corner Calero St, Quiapo, Manila, 1001 Metro Manila",Solar energy equipment supplier,5.0,2,0966 843 1913,https://www.facebook.com/JDfozsolar/,https://www.google.com/maps/place/JD-Foz+Solar+Products+Trading/data=!4m7!3m6!1s0x3397cb0855ecf2eb:0x5f3e5e739aff7ba6!8m2!3d14.6023049!4d120.9826977!16s%2Fg%2F11rs0smqrz!19sChIJ6_LsVQjLlzMRpnv_mnNePl8?authuser=0&hl=en&rclk=1
JF GREENERGY SOLAR POWER ENGINEERING SERVICES,"31st Floor, One San Miguel Avenue Building, San Miguel Avenue, corner Shaw Blvd, Ortigas Center, Pasig, 1600 Metro Manila",Solar energy company,5.0,2,0991 224 4074,,https://www.google.com/maps/place/JF+GREENERGY+SOLAR+POWER+ENGINEERING+SERVICES/data=!4m7!3m6!1s0x3397c9e32f13a73b:0x2d99a8aed0b77c20!8m2!3d14.5782696!4d121.0575647!16s%2Fg%2F11y2rrsrrd!19sChIJO6cTL-PJlzMRIHy30K6omS0?authuser=0&hl=en&rclk=1
Solviva Energy,"30/F & 31/F, RCBC Plaza, Yuchengco Tower, 6819 Ayala Ave, Makati City, 1200 Metro Manila",Solar energy company,5.0,2,0917 802 8948,https://www.solvivaenergy.com/,https://www.google.com/maps/place/Solviva+Energy/data=!4m7!3m6!1s0x6cd8fca88ee21b39:0xebe62542cf5275c3!8m2!3d14.562382!4d121.0165766!16s%2Fg%2F11ydr44p93!19sChIJORvijqj82GwRw3VSz0Il5us?authuser=0&hl=en&rclk=1
SuryaSource Energy Inc.,"1605 Exchange Rd, Ortigas Center, Pasig, 1605 Metro Manila",Solar energy equipment supplier,,,(02) 7798 2590,https://solar-sourcing.com/,https://www.google.com/maps/place/SuryaSource+Energy+Inc./data=!4m7!3m6!1s0x3397c8141abd37df:0xf0001e8e2855f574!8m2!3d14.5827621!4d121.0613744!16s%2Fg%2F11c1nckzjl!19sChIJ3ze9GhTIlzMRdPVVKI4eAPA?authuser=0&hl=en&rclk=1
SUSTENA INC. (Philippines),"6793 Ayala Ave, Makati City, 1227 Metro Manila",Solar energy company,3.7,3,(02) 8776 6357,http://sustena.ph/,https://www.google.com/maps/place/SUSTENA+INC.+%28Philippines%29/data=!4m7!3m6!1s0x3397c90f31a7c8bd:0x9ea0a2446fed848c!8m2!3d14.558177!4d121.0196678!16s%2Fg%2F11dxfqp_c0!19sChIJvcinMQ_JlzMRjITtb0SioJ4?authuser=0&hl=en&rclk=1
Transnational Renewable Energy Corporation,"Penthouse Four/NEO 4th Avenue, corner 30th St, Taguig, 1634 Metro Manila",Solar energy company,5.0,,,,https://www.google.com/maps/place/Transnational+Renewable+Energy+Corporation/data=!4m7!3m6!1s0x3397c8f0c2bfd6ed:0x7116bd0bb4eb9852!8m2!3d14.553221!4d121.04704!16s%2Fg%2F1tcxrs58!19sChIJ7da_wvDIlzMRUpjrtAu9FnE?authuser=0&hl=en&rclk=1
